entry_time,exit_time,side,lots,entry_price,exit_price,entry_fill,exit_fill,bars_held,reason,gross_pnl,commission,net_pnl,equity_after
2026-02-03 04:00:00+00:00,2026-02-03 07:00:00+00:00,-1,0.01,4809.05,4902.031397836862,4808.85,4902.231397836862,3,sl,-92.98139783686202,0.07,-93.45139783686164,9906.548602163139
2026-02-03 07:00:00+00:00,2026-02-03 16:00:00+00:00,-1,0.01,4881.1,4964.750608982356,4880.900000000001,4964.900608982356,9,sl,-83.65060898235606,0.07,-84.07060898235551,9822.477993180783
2026-02-03 16:00:00+00:00,2026-02-04 00:00:00+00:00,-1,0.01,4935.03,4999.05823665675,4934.88,4999.258236656749,7,sl,-64.02823665674987,0.07,-64.44823665674932,9758.029756524033
2026-02-04 00:00:00+00:00,2026-02-04 01:00:00+00:00,-1,0.01,4947.32,5008.808121207375,4947.12,5009.008121207375,1,sl,-61.488121207375116,0.07,-61.95812120737476,9696.071635316657
2026-02-04 01:00:00+00:00,2026-02-04 04:00:00+00:00,-1,0.01,5016.61,5078.673255406848,5016.41,5078.873255406847,3,sl,-62.06325540684793,0.07,-62.533255406847566,9633.538379909809
2026-02-04 04:00:00+00:00,2026-02-04 15:00:00+00:00,-1,0.01,5069.7,4952.643620897343,5069.5,4952.793620897342,11,tp,117.05637910265705,0.07,116.6363791026576,9750.174759012467
2026-02-04 15:00:00+00:00,2026-02-04 16:00:00+00:00,-1,0.02,4986.03,4891.14672179854,4985.88,4891.29672179854,1,tp,189.76655640291938,0.14,189.02655640292085,9939.201315415388
2026-02-04 16:00:00+00:00,2026-02-04 23:00:00+00:00,-1,0.01,4920.54,4973.180807736392,4920.39,4973.330807736392,6,sl,-52.64080773639216,0.07,-53.010807736391435,9886.190507678997
2026-02-04 23:00:00+00:00,2026-02-05 00:00:00+00:00,-1,0.01,4967.95,5019.121382670763,4967.8,5019.321382670762,1,sl,-51.171382670762796,0.07,-51.59138267076225,9834.599125008235
2026-02-05 00:00:00+00:00,2026-02-05 02:00:00+00:00,-1,0.01,5012.17,4908.737432182868,5011.97,4908.937432182868,2,tp,103.4325678171317,0.07,102.96256781713208,9937.561692825368
2026-02-05 02:00:00+00:00,2026-02-05 03:00:00+00:00,-1,0.01,4958.48,4855.284265504616,4958.28,4855.484265504616,1,tp,103.19573449538349,0.07,102.72573449538385,10040.28742732075
2026-02-05 03:00:00+00:00,2026-02-05 04:00:00+00:00,-1,0.01,4811.87,4870.947305301428,4811.67,4871.147305301428,1,sl,-59.077305301428176,0.07,-59.547305301427805,9980.740122019322
2026-02-05 04:00:00+00:00,2026-02-05 08:00:00+00:00,-1,0.01,4880.58,4942.507497779898,4880.38,4942.657497779897,4,sl,-61.927497779897756,0.07,-62.3474977798972,9918.392624239425
2026-02-05 08:00:00+00:00,2026-02-05 20:00:00+00:00,-1,0.01,4914.92,4796.198900765741,4914.77,4796.348900765741,12,tp,118.72109923425886,0.07,118.35109923425962,10036.743723473684
2026-02-05 20:00:00+00:00,2026-02-05 23:00:00+00:00,-1,0.01,4830.28,4720.660146981935,4830.13,4720.810146981935,2,tp,109.61985301806453,0.07,109.24985301806527,10145.99357649175
2026-02-05 23:00:00+00:00,2026-02-06 00:00:00+00:00,-1,0.01,4793.77,4683.059820611976,4793.620000000001,4683.259820611976,1,tp,110.7101793880247,0.07,110.29017938802525,10256.283755879775
2026-02-06 00:00:00+00:00,2026-02-06 01:00:00+00:00,-1,0.01,4703.94,4761.785440430154,4703.74,4761.985440430154,1,sl,-57.84544043015467,0.07,-58.315440430154304,10197.96831544962
2026-02-06 01:00:00+00:00,2026-02-06 02:00:00+00:00,-1,0.01,4759.23,4820.803623256572,4759.03,4821.003623256572,1,sl,-61.57362325657232,0.07,-62.043623256571955,10135.924692193048
2026-02-06 02:00:00+00:00,2026-02-06 03:00:00+00:00,-1,0.01,4774.34,4838.0462215953885,4774.14,4838.246221595388,1,sl,-63.70622159538834,0.07,-64.17622159538797,10071.74847059766
2026-02-06 03:00:00+00:00,2026-02-06 05:00:00+00:00,-1,0.01,4817.02,4882.217920052861,4816.820000000001,4882.417920052861,2,sl,-65.19792005286035,0.07,-65.66792005285998,10006.0805505448
2026-02-06 06:00:00+00:00,2026-02-06 15:00:00+00:00,-1,0.01,4897.64,4960.22795202483,4897.4400000000005,4960.37795202483,9,sl,-62.587952024829974,0.07,-63.00795202482942,9943.072598519972
2026-02-06 15:00:00+00:00,2026-02-08 23:00:00+00:00,-1,0.01,4947.6,4999.748333411557,4947.450000000001,4999.898333411556,7,sl,-52.14833341155645,0.07,-52.51833341155572,9890.554265108416
2026-02-08 23:00:00+00:00,2026-02-09 00:00:00+00:00,-1,0.02,4985.48,5025.989585102557,4985.33,5026.1895851025565,1,sl,-81.01917020511428,0.14,-81.85917020511319,9808.695094903303
2026-02-09 00:00:00+00:00,2026-02-09 16:00:00+00:00,-1,0.02,5036.04,5079.836043309518,5035.84,5079.986043309517,16,sl,-87.5920866190354,0.14,-88.43208661903431,9720.26300828427
2026-02-09 16:00:00+00:00,2026-02-10 17:00:00+00:00,-1,0.02,5058.78,5026.33,5058.63,5026.48,24,vertical,64.89999999999964,0.14,64.16000000000109,9784.423008284271
2026-02-10 17:00:00+00:00,2026-02-11 02:00:00+00:00,-1,0.02,5023.86,5055.1619589292295,5023.71,5055.361958929229,8,sl,-62.60391785845968,0.14,-63.44391785845859,9720.979090425813
2026-02-11 02:00:00+00:00,2026-02-11 10:00:00+00:00,-1,0.03,5052.67,5079.689988440891,5052.47,5079.839988440891,8,sl,-81.05996532267363,0.21,-82.31996532267199,9638.659125103142
2026-02-11 10:00:00+00:00,2026-02-11 11:00:00+00:00,-1,0.04,5062.69,5085.904616042897,5062.54,5086.054616042897,1,sl,-92.85846417158973,0.28,-94.33846417158682,9544.320660931555
2026-02-11 11:00:00+00:00,2026-02-11 12:00:00+00:00,-1,0.04,5092.72,5117.007857754119,5092.570000000001,5117.157857754119,1,sl,-97.15143101647482,0.28,-98.63143101647191,9445.689229915082
2026-02-11 12:00:00+00:00,2026-02-11 13:00:00+00:00,-1,0.03,5112.13,5062.126835599494,5111.9800000000005,5062.276835599494,1,tp,150.00949320151722,0.21,148.89949320151936,9594.588723116602
2026-02-11 13:00:00+00:00,2026-02-12 14:00:00+00:00,-1,0.03,5083.57,5044.41,5083.42,5044.5599999999995,24,vertical,117.47999999999956,0.21,116.37000000000175,9710.958723116604
2026-02-12 14:00:00+00:00,2026-02-12 16:00:00+00:00,-1,0.04,5075.27,5028.670268878409,5075.120000000001,5028.820268878409,2,tp,186.398924486366,0.28,184.91892448636892,9895.877647602973
2026-02-12 16:00:00+00:00,2026-02-12 17:00:00+00:00,-1,0.03,5060.45,5010.28094612475,5060.3,5010.430946124749,1,tp,150.5071616257501,0.21,149.39716162575226,10045.274809228726
2026-02-12 17:00:00+00:00,2026-02-13 02:00:00+00:00,-1,0.01,4954.14,4990.995632156367,4953.990000000001,4991.195632156367,8,sl,-36.85563215636648,0.07,-37.27563215636594,10007.999177072359
2026-02-13 02:00:00+00:00,2026-02-13 15:00:00+00:00,-1,0.02,4981.31,5019.097664802634,4981.110000000001,5019.247664802634,13,sl,-75.57532960526805,0.14,-76.41532960526696,9931.583847467093
2026-02-13 15:00:00+00:00,2026-02-13 16:00:00+00:00,-1,0.02,4996.91,5029.194330072938,4996.76,5029.344330072938,1,sl,-64.56866014587649,0.14,-65.30866014587504,9866.275187321218
2026-02-13 17:00:00+00:00,2026-02-13 19:00:00+00:00,-1,0.02,5007.84,5042.894141746564,5007.6900000000005,5043.044141746564,2,sl,-70.1082834931276,0.14,-70.84828349312615,9795.426903828093
2026-02-13 19:00:00+00:00,2026-02-16 23:00:00+00:00,-1,0.02,5031.11,4989.76,5030.96,4989.91,24,vertical,82.69999999999891,0.14,81.96000000000036,9877.386903828094
2026-02-16 23:00:00+00:00,2026-02-17 00:00:00+00:00,-1,0.04,4994.58,4957.156418823719,4994.43,4957.356418823719,1,tp,149.69432470512402,0.28,148.0143247051262,10025.40122853322
2026-02-17 00:00:00+00:00,2026-02-17 01:00:00+00:00,-1,0.04,4989.79,4952.862388907739,4989.59,4953.062388907739,1,tp,147.71044436904413,0.28,145.83044436904558,10171.231672902264
2026-02-17 01:00:00+00:00,2026-02-17 02:00:00+00:00,-1,0.03,4935.74,4957.127105149978,4935.54,4957.327105149978,1,sl,-64.16131544993459,0.21,-65.5713154499335,10105.66035745233
2026-02-17 02:00:00+00:00,2026-02-17 05:00:00+00:00,-1,0.04,4957.0,4911.576804721469,4956.8,4911.776804721469,3,tp,181.69278111412495,0.28,179.8127811141264,10285.473138566456
2026-02-17 05:00:00+00:00,2026-02-17 06:00:00+00:00,-1,0.04,4953.19,4910.208360048494,4952.99,4910.408360048494,1,tp,171.92655980602285,0.28,170.0465598060243,10455.51969837248
2026-02-17 10:00:00+00:00,2026-02-17 13:00:00+00:00,-1,0.03,4925.68,4876.228860328817,4925.530000000001,4876.378860328817,3,tp,148.35341901354968,0.21,147.24341901355186,10602.763117386032
2026-02-17 13:00:00+00:00,2026-02-17 14:00:00+00:00,-1,0.03,4931.93,4883.887422063561,4931.780000000001,4884.03742206356,1,tp,144.12773380931867,0.21,143.01773380932084,10745.780851195354
2026-02-17 19:00:00+00:00,2026-02-18 04:00:00+00:00,-1,0.02,4898.84,4929.018838665943,4898.6900000000005,4929.218838665943,8,sl,-60.3576773318855,0.14,-61.19767733188441,10684.58317386347
2026-02-18 04:00:00+00:00,2026-02-18 12:00:00+00:00,-1,0.03,4920.79,4946.348200069416,4920.59,4946.498200069415,8,sl,-76.67460020824728,0.21,-77.93460020824564,10606.648573655224
2026-02-18 12:00:00+00:00,2026-02-18 13:00:00+00:00,-1,0.04,4913.14,4933.181021078379,4912.990000000001,4933.331021078378,1,sl,-80.16408431351374,0.28,-81.64408431351083,10525.004489341713
2026-02-18 13:00:00+00:00,2026-02-18 14:00:00+00:00,-1,0.04,4943.14,4964.247376715638,4942.990000000001,4964.397376715638,1,sl,-84.42950686255062,0.28,-85.90950686254772,10439.094982479164
2026-02-18 14:00:00+00:00,2026-02-18 15:00:00+00:00,-1,0.04,4954.48,4975.941849807377,4954.33,4976.091849807377,1,sl,-85.84739922951121,0.28,-87.3273992295083,10351.767583249655
2026-02-18 15:00:00+00:00,2026-02-19 06:00:00+00:00,-1,0.04,4991.79,5014.705289106851,4991.64,5014.90528910685,14,sl,-91.6611564274026,0.28,-93.34115642740042,10258.426426822254
2026-02-19 06:00:00+00:00,2026-02-19 07:00:00+00:00,-1,0.04,4996.99,5015.105573372727,4996.79,5015.305573372727,1,sl,-72.46229349090936,0.28,-74.3422934909079,10184.084133331346
2026-02-19 07:00:00+00:00,2026-02-19 10:00:00+00:00,-1,0.04,5018.55,4981.57964945065,5018.35,4981.72964945065,3,tp,147.88140219739944,0.28,146.20140219740162,10330.285535528747
2026-02-19 10:00:00+00:00,2026-02-19 15:00:00+00:00,-1,0.04,4995.81,5014.356199008186,4995.660000000001,5014.506199008186,5,sl,-74.18479603274318,0.28,-75.66479603274027,10254.620739496006
2026-02-19 15:00:00+00:00,2026-02-20 06:00:00+00:00,-1,0.04,5005.7,5026.071955487941,5005.55,5026.27195548794,14,sl,-81.48782195176318,0.28,-83.167821951761,10171.452917544244
2026-02-20 06:00:00+00:00,2026-02-20 08:00:00+00:00,-1,0.05,5011.94,5030.3516493555,5011.74,5030.5016493554995,2,sl,-92.05824677750117,0.35000000000000003,-94.15824677749842,10077.294670766745
2026-02-20 08:00:00+00:00,2026-02-20 09:00:00+00:00,-1,0.04,5006.52,5025.170248678977,5006.370000000001,5025.320248678977,1,sl,-74.60099471590729,0.28,-76.08099471590438,10001.21367605084
2026-02-20 09:00:00+00:00,2026-02-20 13:00:00+00:00,-1,0.05,5028.8,5047.9845166304785,5028.650000000001,5048.134516630478,4,sl,-95.92258315239178,0.35000000000000003,-97.77258315238814,9903.441092898453
2026-02-20 13:00:00+00:00,2026-02-20 14:00:00+00:00,-1,0.04,5025.23,5044.256029245186,5025.08,5044.406029245186,1,sl,-76.10411698074677,0.28,-77.58411698074386,9825.856975917708
2026-02-20 14:00:00+00:00,2026-02-20 15:00:00+00:00,-1,0.04,5043.48,5063.337027156244,5043.33,5063.487027156244,1,sl,-79.42810862497936,0.28,-80.90810862497645,9744.948867292731
2026-02-20 15:00:00+00:00,2026-02-20 17:00:00+00:00,-1,0.04,5054.63,5074.755810930799,5054.4800000000005,5074.905810930799,2,sl,-80.50324372319665,0.28,-81.98324372319374,9662.965623569537
2026-02-20 17:00:00+00:00,2026-02-20 20:00:00+00:00,-1,0.03,5066.85,5091.366183914822,5066.700000000001,5091.516183914821,3,sl,-73.54855174446402,0.21,-74.65855174446183,9588.307071825075
2026-02-20 20:00:00+00:00,2026-02-22 23:00:00+00:00,-1,0.04,5079.59,5102.742043025096,5079.4400000000005,5102.8920430250955,2,sl,-92.60817210038294,0.28,-94.08817210038004,9494.218899724694
2026-02-22 23:00:00+00:00,2026-02-23 00:00:00+00:00,-1,0.04,5110.1,5132.0495677104145,5109.950000000001,5132.249567710414,1,sl,-87.79827084165663,0.28,-89.47827084165445,9404.740628883039
2026-02-23 00:00:00+00:00,2026-02-23 14:00:00+00:00,-1,0.03,5165.29,5190.8117414453845,5165.09,5190.961741445384,14,sl,-76.56522433615372,0.21,-77.82522433615209,9326.915404546888
2026-02-23 14:00:00+00:00,2026-02-23 15:00:00+00:00,-1,0.04,5146.66,5168.258991163631,5146.51,5168.408991163631,1,sl,-86.39596465452632,0.28,-87.87596465452341,9239.039439892364
2026-02-23 15:00:00+00:00,2026-02-23 16:00:00+00:00,-1,0.03,5192.33,5216.552634651944,5192.18,5216.702634651943,1,sl,-72.6679039558312,0.21,-73.77790395582902,9165.261535936535
2026-02-23 16:00:00+00:00,2026-02-23 20:00:00+00:00,-1,0.03,5196.09,5220.327446462519,5195.9400000000005,5220.477446462519,4,sl,-72.71233938755722,0.21,-73.82233938755503,9091.439196548981
2026-02-23 20:00:00+00:00,2026-02-23 23:00:00+00:00,-1,0.03,5215.51,5239.207941701791,5215.360000000001,5239.357941701791,2,sl,-71.09382510537307,0.21,-72.20382510537088,9019.23537144361
2026-02-23 23:00:00+00:00,2026-02-24 01:00:00+00:00,-1,0.04,5229.33,5183.850080126503,5229.18,5184.0500801265025,2,tp,181.91967949398895,0.28,180.23967949399113,9199.4750509376
2026-02-24 01:00:00+00:00,2026-02-24 02:00:00+00:00,-1,0.04,5224.05,5178.283130313158,5223.85,5178.483130313158,1,tp,183.06747874736902,0.28,181.18747874737048,9380.66252968497
2026-02-24 02:00:00+00:00,2026-02-24 13:00:00+00:00,-1,0.03,5177.49,5123.672192433646,5177.29,5123.822192433646,11,tp,161.45342269906087,0.21,160.1934226990625,9540.855952384034
2026-02-24 13:00:00+00:00,2026-02-24 14:00:00+00:00,-1,0.03,5150.85,5105.703346207085,5150.700000000001,5105.8533462070845,1,tp,135.43996137874637,0.21,134.32996137874855,9675.185913762783
2026-02-24 14:00:00+00:00,2026-02-24 15:00:00+00:00,-1,0.03,5115.22,5139.776660689568,5115.070000000001,5139.926660689568,1,sl,-73.66998206870448,0.21,-74.7799820687023,9600.405931694082
2026-02-24 15:00:00+00:00,2026-02-24 17:00:00+00:00,-1,0.03,5128.01,5154.077613497456,5127.860000000001,5154.227613497455,2,sl,-78.2028404923667,0.21,-79.31284049236451,9521.093091201717
2026-02-24 17:00:00+00:00,2026-02-24 18:00:00+00:00,-1,0.03,5142.05,5168.514115719745,5141.900000000001,5168.664115719745,1,sl,-79.3923471592343,0.21,-80.5023471592321,9440.590744042485
2026-02-24 18:00:00+00:00,2026-02-25 01:00:00+00:00,-1,0.03,5163.67,5189.82667888262,5163.52,5190.02667888262,6,sl,-78.47003664786098,0.21,-79.73003664785934,9360.860707394626
2026-02-25 01:00:00+00:00,2026-02-25 02:00:00+00:00,-1,0.03,5152.49,5177.594857449481,5152.29,5177.794857449481,1,sl,-75.31457234844493,0.21,-76.72457234844383,9284.136135046183
2026-02-25 02:00:00+00:00,2026-02-25 05:00:00+00:00,-1,0.03,5176.81,5203.395939060234,5176.610000000001,5203.595939060234,3,sl,-79.75781718070084,0.21,-81.16781718069974,9202.968317865483
2026-02-25 05:00:00+00:00,2026-02-25 16:00:00+00:00,-1,0.03,5182.69,5207.34632584378,5182.49,5207.496325843779,11,sl,-73.96897753133999,0.21,-75.22897753133834,9127.739340334145
2026-02-25 16:00:00+00:00,2026-02-25 17:00:00+00:00,-1,0.03,5194.84,5217.572173679823,5194.6900000000005,5217.722173679823,1,sl,-68.19652103946919,0.21,-69.306521039467,9058.432819294678
2026-02-25 17:00:00+00:00,2026-02-25 20:00:00+00:00,-1,0.03,5212.05,5166.4031060231855,5211.900000000001,5166.553106023185,3,tp,136.94068193044404,0.21,135.83068193044622,9194.263501225125
2026-02-25 20:00:00+00:00,2026-02-25 21:00:00+00:00,-1,0.03,5204.71,5163.166331608214,5204.56,5163.316331608214,1,tp,124.63100517535804,0.21,123.52100517536023,9317.784506400485
2026-02-25 21:00:00+00:00,2026-02-25 23:00:00+00:00,-1,0.03,5152.17,5175.764560324758,5152.02,5175.914560324758,1,sl,-70.78368097427483,0.21,-71.89368097427264,9245.890825426213
2026-02-25 23:00:00+00:00,2026-02-26 00:00:00+00:00,-1,0.03,5159.5,5183.0599488729895,5159.35,5183.259948872989,1,sl,-70.67984661896844,0.21,-71.9398466189668,9173.950978807246
2026-02-26 00:00:00+00:00,2026-02-26 01:00:00+00:00,-1,0.03,5163.54,5187.074952524918,5163.34,5187.274952524918,1,sl,-70.60485757475544,0.21,-72.01485757475434,9101.936121232493
2026-02-26 01:00:00+00:00,2026-02-26 15:00:00+00:00,-1,0.03,5188.14,5139.199373882294,5187.9400000000005,5139.349373882294,14,tp,146.82187835311925,0.21,145.56187835312087,9247.497999585614
2026-02-26 15:00:00+00:00,2026-02-26 16:00:00+00:00,-1,0.02,5163.8,5185.611134521472,5163.650000000001,5185.761134521472,1,sl,-43.622269042944026,0.14,-44.36226904294257,9203.135730542672
2026-02-26 16:00:00+00:00,2026-02-27 13:00:00+00:00,-1,0.02,5185.38,5210.066053484224,5185.2300000000005,5210.216053484223,20,sl,-49.37210696844704,0.14,-50.11210696844559,9153.023623574227
2026-02-27 13:00:00+00:00,2026-02-27 14:00:00+00:00,-1,0.04,5187.62,5204.304224381657,5187.47,5204.454224381657,1,sl,-66.73689752662904,0.28,-68.21689752662613,9084.8067260476
2026-02-27 14:00:00+00:00,2026-02-27 15:00:00+00:00,-1,0.03,5223.05,5242.332494068682,5222.900000000001,5242.482494068681,1,sl,-57.84748220604433,0.21,-58.957482206042144,9025.849243841558
2026-02-27 15:00:00+00:00,2026-02-27 16:00:00+00:00,-1,0.03,5223.71,5243.1787444923475,5223.56,5243.328744492347,1,sl,-58.4062334770424,0.21,-59.51623347704022,8966.333010364518
2026-02-27 17:00:00+00:00,2026-02-27 19:00:00+00:00,-1,0.02,5229.31,5250.701978669423,5229.160000000001,5250.851978669422,2,sl,-42.78395733884463,0.14,-43.523957338843175,8922.809053025676
2026-02-27 19:00:00+00:00,2026-02-27 21:00:00+00:00,-1,0.02,5244.95,5266.122726505777,5244.8,5266.2727265057765,2,sl,-42.34545301155413,0.14,-43.08545301155267,8879.723600014124
2026-02-27 21:00:00+00:00,2026-03-01 23:00:00+00:00,-1,0.03,5263.14,5283.415820303451,5262.990000000001,5283.565820303451,1,sl,-60.827460910352784,0.21,-61.937460910350595,8817.786139103773
2026-03-01 23:00:00+00:00,2026-03-02 01:00:00+00:00,-1,0.03,5374.72,5334.29919086502,5374.570000000001,5334.49919086502,2,tp,121.26242740494035,0.21,120.00242740494198,8937.788566508716
2026-03-02 01:00:00+00:00,2026-03-02 06:00:00+00:00,-1,0.02,5347.51,5376.1344814893155,5347.31,5376.334481489315,5,sl,-57.248962978630516,0.14,-58.188962978629796,8879.599603530087
2026-03-02 06:00:00+00:00,2026-03-02 07:00:00+00:00,-1,0.02,5365.99,5394.665460086594,5365.79,5394.865460086594,1,sl,-57.35092017318857,0.14,-58.29092017318785,8821.3086833569
2026-03-02 07:00:00+00:00,2026-03-02 08:00:00+00:00,-1,0.02,5387.83,5416.344355794695,5387.63,5416.4943557946945,1,sl,-57.02871158938979,0.14,-57.868711589388695,8763.439971767511
2026-03-02 08:00:00+00:00,2026-03-02 14:00:00+00:00,-1,0.02,5408.06,5350.231910666997,5407.910000000001,5350.381910666996,6,tp,115.6561786660077,0.14,114.91617866600915,8878.356150433521
2026-03-02 14:00:00+00:00,2026-03-02 15:00:00+00:00,-1,0.03,5393.87,5339.674190209683,5393.72,5339.8241902096825,1,tp,162.5874293709512,0.21,161.4774293709534,9039.833579804475
2026-03-02 15:00:00+00:00,2026-03-02 16:00:00+00:00,-1,0.02,5329.31,5266.409605194705,5329.160000000001,5266.559605194705,1,tp,125.80078961059007,0.14,125.06078961059153,9164.894369415068
2026-03-02 16:00:00+00:00,2026-03-03 00:00:00+00:00,-1,0.01,5315.4,5347.481611873886,5315.25,5347.681611873886,7,sl,-32.081611873886686,0.07,-32.50161187388614,9132.392757541182
2026-03-03 03:00:00+00:00,2026-03-03 06:00:00+00:00,-1,0.02,5366.88,5305.105252258505,5366.68,5305.305252258505,3,tp,123.5494954829901,0.14,122.60949548299084,9255.002253024173
2026-03-03 14:00:00+00:00,2026-03-03 15:00:00+00:00,-1,0.01,5157.07,5049.644285649005,5156.92,5049.794285649004,1,tp,107.42571435099491,0.07,107.05571435099563,9362.057967375169
2026-03-03 19:00:00+00:00,2026-03-04 10:00:00+00:00,-1,0.01,5136.19,5197.328270529508,5136.04,5197.478270529507,14,sl,-61.13827052950819,0.07,-61.50827052950746,9300.549696845661
2026-03-04 10:00:00+00:00,2026-03-05 11:00:00+00:00,-1,0.02,5182.36,5164.17,5182.21,5164.32,24,vertical,36.3799999999992,0.14,35.640000000000654,9336.189696845662
2026-03-05 11:00:00+00:00,2026-03-05 13:00:00+00:00,-1,0.03,5164.13,5107.4964608379405,5163.9800000000005,5107.64646083794,2,tp,169.90061748617882,0.21,168.790617486181,9504.980314331844
2026-03-05 13:00:00+00:00,2026-03-05 14:00:00+00:00,-1,0.03,5162.97,5111.242509600062,5162.820000000001,5111.392509600061,1,tp,155.18247119981606,0.21,154.07247119981824,9659.052785531663
2026-03-05 14:00:00+00:00,2026-03-05 16:00:00+00:00,-1,0.03,5118.44,5058.654473200057,5118.29,5058.804473200056,2,tp,179.356580399829,0.21,178.24658039983115,9837.299365931494
2026-03-05 16:00:00+00:00,2026-03-06 01:00:00+00:00,-1,0.01,5102.84,5135.353556196915,5102.6900000000005,5135.5535561969145,8,sl,-32.51355619691458,0.07,-32.93355619691403,9804.36580973458
2026-03-06 01:00:00+00:00,2026-03-06 02:00:00+00:00,-1,0.02,5084.17,5114.221097117794,5083.97,5114.421097117794,1,sl,-60.10219423558738,0.14,-61.04219423558665,9743.323615498994
2026-03-06 02:00:00+00:00,2026-03-06 11:00:00+00:00,-1,0.02,5134.11,5067.350819638383,5133.91,5067.500819638382,9,tp,133.51836072323385,0.14,132.67836072323496,9876.00197622223
2026-03-06 11:00:00+00:00,2026-03-06 13:00:00+00:00,-1,0.02,5091.17,5116.9751620092375,5091.02,5117.125162009237,2,sl,-51.610324018474785,0.14,-52.35032401847333,9823.651652203756
2026-03-06 13:00:00+00:00,2026-03-06 14:00:00+00:00,-1,0.02,5083.18,5109.331389691639,5083.030000000001,5109.4813896916385,1,sl,-52.302779383277084,0.14,-53.04277938327564,9770.608872820481
2026-03-06 14:00:00+00:00,2026-03-06 15:00:00+00:00,-1,0.02,5085.18,5114.13629042795,5085.030000000001,5114.28629042795,1,sl,-57.91258085590017,0.14,-58.65258085589871,9711.956291964583
2026-03-06 15:00:00+00:00,2026-03-06 18:00:00+00:00,-1,0.02,5130.42,5160.952269683096,5130.27,5161.102269683096,3,sl,-61.06453936619255,0.14,-61.804539366191094,9650.151752598393
2026-03-06 18:00:00+00:00,2026-03-06 19:00:00+00:00,-1,0.02,5140.7,5171.283821608514,5140.55,5171.433821608513,1,sl,-61.167643217027944,0.14,-61.90764321702649,9588.244109381367
2026-03-06 19:00:00+00:00,2026-03-08 22:00:00+00:00,-1,0.02,5161.27,5191.729262922192,5161.120000000001,5191.879262922192,3,sl,-60.91852584438311,0.14,-61.65852584438166,9526.585583536986
2026-03-08 22:00:00+00:00,2026-03-08 23:00:00+00:00,-1,0.03,5180.25,5124.5758668804265,5180.1,5124.725866880426,1,tp,167.02239935872058,0.21,165.91239935872275,9692.49798289571
2026-03-08 23:00:00+00:00,2026-03-09 00:00:00+00:00,-1,0.02,5130.21,5065.02401924611,5130.06,5065.2240192461095,1,tp,130.37196150778072,0.14,129.53196150778183,9822.029944403492
2026-03-09 03:00:00+00:00,2026-03-09 05:00:00+00:00,-1,0.01,5094.62,5135.388483656703,5094.42,5135.588483656703,2,sl,-40.76848365670321,0.07,-41.23848365670285,9780.791460746788
2026-03-09 05:00:00+00:00,2026-03-09 06:00:00+00:00,-1,0.01,5090.25,5127.637314989709,5090.05,5127.837314989709,1,sl,-37.38731498970901,0.07,-37.85731498970865,9742.934145757079
2026-03-09 06:00:00+00:00,2026-03-10 01:00:00+00:00,-1,0.02,5124.26,5163.228221061872,5124.06,5163.428221061872,18,sl,-77.9364421237442,0.14,-78.87644212374347,9664.057703633336
2026-03-10 01:00:00+00:00,2026-03-10 02:00:00+00:00,-1,0.03,5130.16,5159.591213629303,5129.96,5159.791213629303,1,sl,-88.29364088790862,0.21,-89.70364088790753,9574.35406274543
2026-03-10 02:00:00+00:00,2026-03-10 13:00:00+00:00,-1,0.02,5184.25,5215.965412655782,5184.05,5216.115412655781,11,sl,-63.43082531156325,0.14,-64.27082531156215,9510.083237433868
2026-03-10 13:00:00+00:00,2026-03-10 14:00:00+00:00,-1,0.03,5187.01,5211.628875823297,5186.860000000001,5211.778875823296,1,sl,-73.85662746988964,0.21,-74.96662746988746,9435.116609963981
2026-03-10 14:00:00+00:00,2026-03-10 15:00:00+00:00,-1,0.03,5205.68,5231.593241835919,5205.530000000001,5231.7432418359185,1,sl,-77.7397255077558,0.21,-78.8497255077536,9356.266884456229
2026-03-10 15:00:00+00:00,2026-03-10 16:00:00+00:00,-1,0.03,5206.82,5232.950153133353,5206.67,5233.100153133352,1,sl,-78.39045940005872,0.21,-79.50045940005653,9276.766425056172
2026-03-10 16:00:00+00:00,2026-03-10 18:00:00+00:00,-1,0.03,5229.29,5175.721144180917,5229.14,5175.871144180916,2,tp,160.70656745724955,0.21,159.59656745725172,9436.362992513425
2026-03-10 18:00:00+00:00,2026-03-11 08:00:00+00:00,-1,0.03,5227.71,5178.154915135587,5227.56,5178.304915135586,13,tp,148.6652545932402,0.21,147.55525459324238,9583.918247106667
2026-03-11 08:00:00+00:00,2026-03-11 13:00:00+00:00,-1,0.03,5195.42,5151.460057630117,5195.27,5151.610057630117,5,tp,131.87982710964843,0.21,130.7698271096506,9714.688074216318
2026-03-11 13:00:00+00:00,2026-03-11 14:00:00+00:00,-1,0.03,5167.57,5189.390942410845,5167.42,5189.540942410845,1,sl,-65.46282723253626,0.21,-66.57282723253407,9648.115246983783
2026-03-11 14:00:00+00:00,2026-03-11 22:00:00+00:00,-1,0.02,5176.9,5131.522535522716,5176.75,5131.672535522715,7,tp,90.75492895456773,0.14,90.01492895456919,9738.130175938353
2026-03-11 22:00:00+00:00,2026-03-11 23:00:00+00:00,-1,0.04,5178.53,5138.763558085975,5178.38,5138.913558085975,1,tp,159.06576765609861,0.28,157.58576765610152,9895.715943594454
2026-03-11 23:00:00+00:00,2026-03-12 00:00:00+00:00,-1,0.03,5138.68,5160.983705174369,5138.530000000001,5161.183705174369,1,sl,-66.91111552310576,0.21,-68.17111552310412,9827.54482807135
2026-03-12 00:00:00+00:00,2026-03-12 01:00:00+00:00,-1,0.02,5134.41,5156.885583376199,5134.21,5157.085583376199,1,sl,-44.95116675239842,0.14,-45.891166752397694,9781.653661318953
2026-03-12 01:00:00+00:00,2026-03-12 07:00:00+00:00,-1,0.03,5153.04,5176.460184563613,5152.84,5176.660184563613,6,sl,-70.26055369084042,0.21,-71.67055369083933,9709.983107628113
2026-03-12 07:00:00+00:00,2026-03-12 08:00:00+00:00,-1,0.04,5166.31,5188.204495771494,5166.110000000001,5188.354495771494,1,sl,-87.57798308597557,0.28,-89.2579830859734,9620.72512454214
2026-03-12 08:00:00+00:00,2026-03-12 14:00:00+00:00,-1,0.04,5182.42,5138.81450785294,5182.27,5138.964507852939,6,tp,174.42196858824173,0.28,172.94196858824463,9793.667093130383
2026-03-12 14:00:00+00:00,2026-03-12 17:00:00+00:00,-1,0.03,5151.14,5108.447816722723,5150.990000000001,5108.597816722722,3,tp,128.07654983183326,0.21,126.96654983183547,9920.633642962219
2026-03-12 17:00:00+00:00,2026-03-12 20:00:00+00:00,-1,0.03,5123.37,5079.0165354736955,5123.22,5079.166535473695,3,tp,133.06039357891314,0.21,131.9503935789153,10052.584036541135
2026-03-12 23:00:00+00:00,2026-03-13 01:00:00+00:00,-1,0.03,5096.05,5119.100307390861,5095.900000000001,5119.300307390861,2,sl,-69.1509221725837,0.21,-70.41092217258206,9982.173114368554
2026-03-13 01:00:00+00:00,2026-03-13 08:00:00+00:00,-1,0.03,5113.73,5069.823959703514,5113.53,5069.973959703514,7,tp,131.71812088945535,0.21,130.45812088945698,10112.631235258012
2026-03-13 08:00:00+00:00,2026-03-13 11:00:00+00:00,-1,0.03,5084.6,5104.515434568738,5084.450000000001,5104.6654345687375,3,sl,-59.74630370621252,0.21,-60.85630370621035,10051.774931551801
2026-03-13 11:00:00+00:00,2026-03-13 12:00:00+00:00,-1,0.04,5094.84,5114.616945972127,5094.6900000000005,5114.766945972126,1,sl,-79.10778388850667,0.28,-80.58778388850376,9971.187147663297
2026-03-13 12:00:00+00:00,2026-03-13 14:00:00+00:00,-1,0.04,5107.44,5067.65567176605,5107.29,5067.805671766049,2,tp,159.13731293579986,0.28,157.65731293580276,10128.844460599099
2026-03-13 14:00:00+00:00,2026-03-13 15:00:00+00:00,-1,0.04,5101.85,5061.7822884105235,5101.700000000001,5061.932288410523,1,tp,160.27084635790743,0.28,158.79084635791034,10287.635306957009
2026-03-17 05:00:00+00:00,2026-03-17 10:00:00+00:00,-1,0.02,5037.98,4994.655981094828,5037.78,4994.805981094828,5,tp,86.64803781034243,0.14,85.80803781034352,10373.443344767353
2026-03-20 02:00:00+00:00,2026-03-20 03:00:00+00:00,-1,0.01,4677.85,4721.298986663256,4677.650000000001,4721.498986663256,1,sl,-43.44898666325571,0.07,-43.918986663255346,10329.524358104098
2026-03-25 00:00:00+00:00,2026-03-25 01:00:00+00:00,-1,0.01,4546.61,4598.866707859782,4546.41,4599.066707859782,1,sl,-52.25670785978218,0.07,-52.72670785978182,10276.797650244316
2026-03-25 01:00:00+00:00,2026-03-26 02:00:00+00:00,-1,0.01,4563.33,4508.87,4563.13,4509.07,24,vertical,54.46000000000004,0.07,53.9900000000004,10330.787650244316
2026-03-27 06:00:00+00:00,2026-03-27 14:00:00+00:00,-1,0.01,4453.99,4489.276511446264,4453.79,4489.426511446263,8,sl,-35.28651144626383,0.07,-35.706511446263285,10295.081138798052
2026-03-27 16:00:00+00:00,2026-03-29 23:00:00+00:00,-1,0.01,4524.15,4452.770399201066,4524.0,4452.920399201065,6,tp,71.379600798934,0.07,71.00960079893474,10366.090739596986
2026-03-30 07:00:00+00:00,2026-03-30 11:00:00+00:00,-1,0.01,4532.47,4567.945747484891,4532.27,4568.095747484891,4,sl,-35.475747484891144,0.07,-35.8957474848906,10330.194992112096
2026-03-30 11:00:00+00:00,2026-03-30 12:00:00+00:00,-1,0.02,4532.43,4562.871366459704,4532.280000000001,4563.021366459704,1,sl,-60.882732919408234,0.14,-61.62273291940677,10268.57225919269
2026-03-30 12:00:00+00:00,2026-03-30 19:00:00+00:00,-1,0.02,4559.62,4495.18889086055,4559.47,4495.338890860549,7,tp,128.8622182789004,0.14,128.12221827890187,10396.694477471592
2026-03-31 01:00:00+00:00,2026-03-31 02:00:00+00:00,-1,0.02,4547.64,4579.897453072087,4547.4400000000005,4580.097453072087,1,sl,-64.51490614417344,0.14,-65.45490614417271,10331.23957132742
2026-03-31 02:00:00+00:00,2026-03-31 10:00:00+00:00,-1,0.01,4605.23,4532.85615858041,4605.03,4533.00615858041,8,tp,72.37384141958955,0.07,71.9538414195901,10403.19341274701
2026-03-31 10:00:00+00:00,2026-03-31 11:00:00+00:00,-1,0.01,4555.57,4585.7917858997735,4555.42,4585.941785899773,1,sl,-30.22178589977375,0.07,-30.591785899773026,10372.601626847238
2026-03-31 12:00:00+00:00,2026-03-31 14:00:00+00:00,-1,0.02,4582.42,4614.33511131154,4582.27,4614.485111311539,2,sl,-63.83022262307896,0.14,-64.5702226230775,10308.03140422416
2026-03-31 14:00:00+00:00,2026-03-31 16:00:00+00:00,-1,0.02,4608.04,4640.420223528828,4607.89,4640.570223528827,2,sl,-64.76044705765526,0.14,-65.5004470576538,10242.530957166508
2026-03-31 16:00:00+00:00,2026-03-31 17:00:00+00:00,-1,0.02,4609.48,4641.593764165162,4609.33,4641.743764165161,1,sl,-64.22752833032428,0.14,-64.96752833032282,10177.563428836185
2026-03-31 17:00:00+00:00,2026-03-31 19:00:00+00:00,-1,0.02,4638.92,4671.929209581936,4638.77,4672.079209581936,2,sl,-66.01841916387275,0.14,-66.7584191638713,10110.805009672315
2026-03-31 19:00:00+00:00,2026-03-31 23:00:00+00:00,-1,0.02,4667.53,4699.282430710955,4667.38,4699.432430710955,3,sl,-63.5048614219104,0.14,-64.24486142190894,10046.560148250406
2026-03-31 23:00:00+00:00,2026-04-01 00:00:00+00:00,-1,0.02,4681.19,4712.0730576792885,4681.04,4712.273057679288,1,sl,-61.766115358577736,0.14,-62.606115358576645,9983.95403289183
2026-04-01 00:00:00+00:00,2026-04-01 06:00:00+00:00,-1,0.03,4695.43,4726.0842678450545,4695.2300000000005,4726.284267845054,6,sl,-91.96280353516248,0.21,-93.3728035351614,9890.581229356669
2026-04-01 06:00:00+00:00,2026-04-01 07:00:00+00:00,-1,0.03,4684.21,4712.743597736025,4684.01,4712.9435977360245,1,sl,-85.60079320807381,0.21,-87.01079320807271,9803.570436148597
2026-04-01 07:00:00+00:00,2026-04-01 11:00:00+00:00,-1,0.02,4730.98,4761.071912183451,4730.78,4761.2219121834505,4,sl,-60.18382436690263,0.14,-61.02382436690154,9742.546611781696
2026-04-01 11:00:00+00:00,2026-04-01 14:00:00+00:00,-1,0.02,4730.52,4759.698022539347,4730.370000000001,4759.848022539347,3,sl,-58.356045078693576,0.14,-59.09604507869211,9683.450566703004
2026-04-01 14:00:00+00:00,2026-04-01 15:00:00+00:00,-1,0.02,4734.31,4764.11551221536,4734.160000000001,4764.265512215359,1,sl,-59.61102443071832,0.14,-60.35102443071686,9623.099542272288
2026-04-01 15:00:00+00:00,2026-04-01 17:00:00+00:00,-1,0.02,4761.37,4792.235832771405,4761.22,4792.385832771404,2,sl,-61.731665542809424,0.14,-62.47166554280797,9560.62787672948
2026-04-01 17:00:00+00:00,2026-04-02 01:00:00+00:00,-1,0.02,4787.16,4727.678716955434,4787.01,4727.878716955433,7,tp,118.96256608913245,0.14,118.12256608913354,9678.750442818615
2026-04-02 01:00:00+00:00,2026-04-02 02:00:00+00:00,-1,0.02,4784.62,4728.725341186991,4784.42,4728.92534118699,1,tp,111.7893176260186,0.14,110.84931762601933,9789.599760444635
2026-04-02 08:00:00+00:00,2026-04-02 14:00:00+00:00,-1,0.01,4642.67,4683.811004526504,4642.52,4683.9610045265035,6,sl,-41.14100452650382,0.07,-41.51100452650309,9748.088755918132
2026-04-02 14:00:00+00:00,2026-04-06 07:00:00+00:00,-1,0.01,4646.55,4686.977773015173,4646.400000000001,4687.1777730151725,16,sl,-40.427773015172534,0.07,-40.84777301517199,9707.24098290296
2026-04-06 07:00:00+00:00,2026-04-06 09:00:00+00:00,-1,0.01,4666.04,4699.859102129113,4665.84,4700.009102129113,2,sl,-33.81910212911316,0.07,-34.23910212911262,9673.001880773847
2026-04-06 09:00:00+00:00,2026-04-07 01:00:00+00:00,-1,0.02,4695.92,4629.2775687773465,4695.77,4629.477568777346,15,tp,133.28486244530723,0.14,132.44486244530833,9805.446743219156
2026-04-07 01:00:00+00:00,2026-04-07 08:00:00+00:00,-1,0.02,4654.86,4676.229895343465,4654.66,4676.379895343464,7,sl,-42.739790686930064,0.14,-43.57979068692897,9761.866952532228
2026-04-07 09:00:00+00:00,2026-04-07 11:00:00+00:00,-1,0.02,4682.9,4632.680398422077,4682.75,4632.8303984220765,2,tp,100.43920315584546,0.14,99.69920315584692,9861.566155688075
2026-04-07 17:00:00+00:00,2026-04-07 18:00:00+00:00,-1,0.01,4657.09,4685.218744033684,4656.9400000000005,4685.3687440336835,1,sl,-28.128744033683688,0.07,-28.49874403368296,9833.067411654392
2026-04-07 20:00:00+00:00,2026-04-07 22:00:00+00:00,-1,0.01,4700.9,4731.439223994898,4700.75,4731.589223994898,1,sl,-30.53922399489875,0.07,-30.909223994898017,9802.158187659494
2026-04-07 22:00:00+00:00,2026-04-07 23:00:00+00:00,-1,0.01,4722.23,4751.937850852406,4722.08,4752.087850852406,1,sl,-29.70785085240641,0.07,-30.077850852405682,9772.080336807088
2026-04-07 23:00:00+00:00,2026-04-08 00:00:00+00:00,-1,0.01,4818.4,4852.45957547988,4818.25,4852.65957547988,1,sl,-34.05957547988055,0.07,-34.479575479880005,9737.600761327209
2026-04-08 00:00:00+00:00,2026-04-08 14:00:00+00:00,-1,0.01,4833.46,4765.319359823078,4833.26,4765.469359823078,14,tp,68.1406401769218,0.07,67.72064017692236,9805.32140150413
2026-04-09 12:00:00+00:00,2026-04-09 15:00:00+00:00,-1,0.02,4756.73,4780.104196538864,4756.58,4780.254196538864,3,sl,-46.748393077728906,0.14,-47.48839307772745,9757.833008426403
2026-04-09 16:00:00+00:00,2026-04-10 02:00:00+00:00,-1,0.02,4793.4,4741.995454115654,4793.25,4742.195454115654,9,tp,102.80909176869135,0.14,101.96909176869245,9859.802100195097
2026-04-10 12:00:00+00:00,2026-04-10 14:00:00+00:00,-1,0.02,4768.18,4787.923151230702,4768.030000000001,4788.073151230702,2,sl,-39.48630246140419,0.14,-40.22630246140274,9819.575797733694
2026-04-13 22:00:00+00:00,2026-04-14 00:00:00+00:00,-1,0.02,4744.7,4765.738065619285,4744.55,4765.938065619285,2,sl,-42.07613123857118,0.14,-42.91613123857009,9776.659666495125
2026-04-14 00:00:00+00:00,2026-04-14 01:00:00+00:00,-1,0.03,4757.73,4776.525171343137,4757.53,4776.725171343137,1,sl,-56.38551402941266,0.21,-57.79551402941157,9718.864152465714
2026-04-14 01:00:00+00:00,2026-04-14 07:00:00+00:00,-1,0.03,4769.86,4789.0369448186275,4769.66,4789.236944818627,6,sl,-57.53083445588345,0.21,-58.94083445588235,9659.923318009833
2026-04-14 07:00:00+00:00,2026-04-14 13:00:00+00:00,-1,0.03,4782.14,4799.905172880914,4781.9400000000005,4800.055172880913,6,sl,-53.2955186427398,0.21,-54.555518642738164,9605.367799367095
2026-04-14 15:00:00+00:00,2026-04-14 17:00:00+00:00,-1,0.02,4803.98,4824.393439553733,4803.83,4824.543439553732,2,sl,-40.826879107466084,0.14,-41.56687910746463,9563.800920259631
2026-04-14 17:00:00+00:00,2026-04-14 18:00:00+00:00,-1,0.04,4810.32,4830.662353492759,4810.17,4830.812353492759,1,sl,-81.36941397103874,0.28,-82.84941397103583,9480.951506288595
2026-04-14 18:00:00+00:00,2026-04-15 01:00:00+00:00,-1,0.03,4835.19,4856.379328243276,4835.04,4856.579328243276,6,sl,-63.56798472982973,0.21,-64.82798472982809,9416.123521558768
2026-04-15 01:00:00+00:00,2026-04-15 02:00:00+00:00,-1,0.05,4835.33,4852.162400690824,4835.13,4852.362400690824,1,sl,-84.16200345412108,0.35000000000000003,-86.51200345411925,9329.611518104648
2026-04-15 02:00:00+00:00,2026-04-15 07:00:00+00:00,-1,0.05,4847.03,4809.551255859897,4846.83,4809.751255859896,5,tp,187.3937207005156,0.35000000000000003,185.0437207005174,9514.655238805166
2026-04-15 07:00:00+00:00,2026-04-15 13:00:00+00:00,-1,0.04,4811.77,4829.785793631385,4811.570000000001,4829.9357936313845,6,sl,-72.06317452553776,0.28,-73.74317452553558,9440.91206427963
2026-04-15 13:00:00+00:00,2026-04-15 14:00:00+00:00,-1,0.04,4811.57,4829.4444143068185,4811.42,4829.594414306818,1,sl,-71.49765722727534,0.28,-72.97765722727243,9367.934407052357
2026-04-15 14:00:00+00:00,2026-04-15 15:00:00+00:00,-1,0.05,4829.18,4792.92323057305,4829.030000000001,4793.07323057305,1,tp,181.28384713475043,0.35000000000000003,179.43384713475407,9547.368254187111
2026-04-15 15:00:00+00:00,2026-04-16 00:00:00+00:00,-1,0.04,4815.57,4833.625642948226,4815.42,4833.825642948226,8,sl,-72.22257179290682,0.28,-73.90257179290464,9473.465682394206
2026-04-16 00:00:00+00:00,2026-04-16 13:00:00+00:00,-1,0.03,4823.6,4789.262596390124,4823.400000000001,4789.412596390123,13,tp,103.01221082963,0.21,101.75221082963166,9575.217893223838
2026-04-16 13:00:00+00:00,2026-04-16 14:00:00+00:00,-1,0.05,4816.61,4787.402845217436,4816.46,4787.552845217436,1,tp,146.0357739128176,0.35000000000000003,144.18577391282125,9719.40366713666
2026-04-16 14:00:00+00:00,2026-04-16 15:00:00+00:00,-1,0.05,4794.7,4811.030464720476,4794.55,4811.180464720475,1,sl,-81.65232360237951,0.35000000000000003,-83.50232360237587,9635.901343534284
2026-04-16 15:00:00+00:00,2026-04-16 16:00:00+00:00,-1,0.04,4788.8,4806.269717240442,4788.650000000001,4806.419717240442,1,sl,-69.8788689617686,0.28,-71.3588689617657,9564.542474572518
2026-04-16 16:00:00+00:00,2026-04-17 01:00:00+00:00,-1,0.04,4807.01,4771.0490965534655,4806.860000000001,4771.249096553465,8,tp,143.84361378613903,0.28,142.1636137861412,9706.706088358658
2026-04-17 13:00:00+00:00,2026-04-17 14:00:00+00:00,-1,0.03,4846.62,4864.632674545797,4846.47,4864.782674545797,1,sl,-54.03802363739214,0.21,-55.148023637389954,9651.558064721268
2026-04-17 14:00:00+00:00,2026-04-17 20:00:00+00:00,-1,0.03,4881.11,4839.879318700661,4880.96,4840.029318700661,6,tp,123.69204389801507,0.21,122.58204389801726,9774.140108619285
2026-04-20 23:00:00+00:00,2026-04-21 03:00:00+00:00,-1,0.05,4827.54,4794.747885498405,4827.39,4794.9478854984045,4,tp,163.9605725079764,0.35000000000000003,161.86057250797913,9936.000681127265
2026-04-22 02:00:00+00:00,2026-04-23 00:00:00+00:00,-1,0.02,4752.2,4705.005540742305,4752.0,4705.205540742305,21,tp,94.38891851538938,0.14,93.4489185153901,10029.449599642656
2026-04-23 00:00:00+00:00,2026-04-23 01:00:00+00:00,-1,0.03,4727.88,4742.590541676167,4727.68,4742.790541676167,1,sl,-44.13162502850082,0.21,-45.54162502849973,9983.907974614156
2026-04-24 15:00:00+00:00,2026-04-26 22:00:00+00:00,-1,0.03,4726.51,4683.738349654962,4726.360000000001,4683.8883496549615,6,tp,128.31495103511497,0.21,127.20495103511716,10111.112925649273
2026-04-30 10:00:00+00:00,2026-05-01 07:00:00+00:00,-1,0.03,4625.22,4583.7361520015365,4625.070000000001,4583.936152001536,20,tp,124.45154399539113,0.21,123.19154399539279,10234.304469644667
2026-05-05 09:00:00+00:00,2026-05-05 13:00:00+00:00,-1,0.03,4558.53,4575.473507921738,4558.38,4575.623507921738,4,sl,-50.83052376521482,0.21,-51.94052376521263,10182.363945879455
2026-05-05 14:00:00+00:00,2026-05-05 22:00:00+00:00,-1,0.04,4582.84,4547.861536462538,4582.6900000000005,4548.011536462538,7,tp,139.91385414984688,0.28,138.4338541498498,10320.797800029304
2026-05-06 00:00:00+00:00,2026-05-06 01:00:00+00:00,-1,0.03,4594.91,4611.7807718947615,4594.71,4611.980771894761,1,sl,-50.61231568428502,0.21,-52.02231568428393,10268.77548434502
2026-05-06 01:00:00+00:00,2026-05-06 02:00:00+00:00,-1,0.03,4618.76,4636.673573902279,4618.56,4636.873573902279,1,sl,-53.74072170683576,0.21,-55.15072170683466,10213.624762638186
2026-05-06 02:00:00+00:00,2026-05-06 03:00:00+00:00,-1,0.03,4625.82,4643.806175766402,4625.62,4644.006175766402,1,sl,-53.95852729920625,0.21,-55.36852729920516,10158.256235338982
2026-05-06 03:00:00+00:00,2026-05-06 05:00:00+00:00,-1,0.04,4640.63,4658.5143060688015,4640.43,4658.714306068801,2,sl,-71.53722427520552,0.28,-73.41722427520406,10084.839011063777
2026-05-06 05:00:00+00:00,2026-05-06 06:00:00+00:00,-1,0.04,4649.04,4666.069988396059,4648.84,4666.269988396059,1,sl,-68.11995358423519,0.28,-69.99995358423374,10014.839057479543
2026-05-06 06:00:00+00:00,2026-05-06 07:00:00+00:00,-1,0.04,4662.89,4680.072846367769,4662.6900000000005,4680.272846367769,1,sl,-68.73138547107374,0.28,-70.61138547107228,9944.22767200847
2026-05-06 07:00:00+00:00,2026-05-06 08:00:00+00:00,-1,0.04,4669.39,4686.222643055786,4669.1900000000005,4686.372643055785,1,sl,-67.33057222314164,0.28,-69.01057222313946,9875.21709978533
2026-05-06 08:00:00+00:00,2026-05-06 09:00:00+00:00,-1,0.05,4681.35,4698.718882837516,4681.200000000001,4698.868882837515,1,sl,-86.84441418757616,0.35000000000000003,-88.6944141875725,9786.522685597758
2026-05-06 09:00:00+00:00,2026-05-06 10:00:00+00:00,-1,0.05,4700.53,4718.858962634835,4700.38,4719.0089626348345,1,sl,-91.6448131741754,0.35000000000000003,-93.49481317417175,9693.027872423587
2026-05-06 10:00:00+00:00,2026-05-06 11:00:00+00:00,-1,0.04,4701.93,4720.3261795894905,4701.780000000001,4720.47617958949,1,sl,-73.58471835796081,0.28,-75.0647183579579,9617.963154065628
2026-05-06 11:00:00+00:00,2026-05-06 12:00:00+00:00,-1,0.04,4718.05,4680.021380762376,4717.900000000001,4680.1713807623755,1,tp,152.1144769504972,0.28,150.6344769505001,9768.597631016128
2026-05-06 12:00:00+00:00,2026-05-06 14:00:00+00:00,-1,0.04,4692.38,4712.20614464604,4692.2300000000005,4712.35614464604,2,sl,-79.30457858416048,0.28,-80.78457858415757,9687.81305243197
2026-05-06 14:00:00+00:00,2026-05-07 06:00:00+00:00,-1,0.03,4701.87,4723.885247169289,4701.72,4724.085247169289,15,sl,-66.0457415078672,0.21,-67.30574150786556,9620.507310924104
2026-05-07 06:00:00+00:00,2026-05-07 07:00:00+00:00,-1,0.03,4701.04,4717.984905011106,4700.84,4718.184905011106,1,sl,-50.83471503331839,0.21,-52.24471503331729,9568.262595890787
2026-05-07 07:00:00+00:00,2026-05-07 13:00:00+00:00,-1,0.03,4738.53,4757.770983224599,4738.33,4757.920983224599,6,sl,-57.722949673798205,0.21,-58.98294967379657,9509.27964621699
2026-05-07 13:00:00+00:00,2026-05-07 16:00:00+00:00,-1,0.04,4750.3,4712.79994125605,4750.150000000001,4712.94994125605,3,tp,150.00023497579969,0.28,148.5202349758026,9657.799881192792
2026-05-07 16:00:00+00:00,2026-05-07 20:00:00+00:00,-1,0.03,4729.27,4687.48954480304,4729.120000000001,4687.63954480304,4,tp,125.34136559088074,0.21,124.23136559088293,9782.031246783676
2026-05-08 06:00:00+00:00,2026-05-08 14:00:00+00:00,-1,0.02,4727.56,4749.015615554337,4727.360000000001,4749.165615554337,8,sl,-42.911231108673746,0.14,-43.751231108672656,9738.280015675004
2026-05-11 14:00:00+00:00,2026-05-11 23:00:00+00:00,-1,0.02,4736.03,4758.316371393548,4735.88,4758.466371393548,8,sl,-44.57274278709701,0.14,-45.31274278709556,9692.967272887909
2026-05-12 01:00:00+00:00,2026-05-12 05:00:00+00:00,-1,0.02,4749.32,4709.710399076237,4749.12,4709.910399076237,4,tp,79.21920184752526,0.14,78.27920184752598,9771.246474735435
2026-05-28 17:00:00+00:00,2026-05-29 09:00:00+00:00,-1,0.03,4511.51,4535.601440110486,4511.360000000001,4535.751440110485,15,sl,-72.27432033145669,0.21,-73.3843203314545,9697.862154403982
2026-05-29 11:00:00+00:00,2026-05-29 14:00:00+00:00,-1,0.03,4538.41,4555.659061165393,4538.26,4555.809061165392,3,sl,-51.74718349617887,0.21,-52.857183496176695,9645.004970907805
2026-05-29 14:00:00+00:00,2026-05-29 15:00:00+00:00,-1,0.03,4536.69,4554.795348899551,4536.54,4554.9453488995505,1,sl,-54.31604669865373,0.21,-55.426046698651554,9589.578924209154
2026-05-29 16:00:00+00:00,2026-05-31 22:00:00+00:00,-1,0.02,4571.22,4528.700775877305,4571.070000000001,4528.850775877305,5,tp,85.0384482453901,0.14,84.29844824539155,9673.877372454546
2026-06-02 05:00:00+00:00,2026-06-02 06:00:00+00:00,-1,0.04,4517.35,4534.227686328864,4517.150000000001,4534.427686328864,1,sl,-67.510745315456,0.28,-69.39074531545455,9604.486627139091
